category,subject,action
post-ai-work,Human worker collaborating with humanoid AI assistant,interfacing with holographic displays
post-ai-work,Human worker collaborating with humanoid AI assistant,adjusting neural link calibration
post-ai-work,Human worker collaborating with humanoid AI assistant,debugging AI behavior algorithms
post-ai-work,Human worker collaborating with humanoid AI assistant,negotiating with synthetic personas
post-ai-work,Human worker collaborating with humanoid AI assistant,troubleshooting robotic collaboration
post-ai-work,Team presenting holographic data to synthetic colleagues,interfacing with holographic displays
post-ai-work,Team presenting holographic data to synthetic colleagues,adjusting neural link calibration
post-ai-work,Team presenting holographic data to synthetic colleagues,debugging AI behavior algorithms
post-ai-work,Team presenting holographic data to synthetic colleagues,negotiating with synthetic personas
post-ai-work,Team presenting holographic data to synthetic colleagues,troubleshooting robotic collaboration
post-ai-work,Person wearing neural interface headset during meeting,interfacing with holographic displays
post-ai-work,Person wearing neural interface headset during meeting,adjusting neural link calibration
post-ai-work,Person wearing neural interface headset during meeting,debugging AI behavior algorithms
post-ai-work,Person wearing neural interface headset during meeting,negotiating with synthetic personas
post-ai-work,Person wearing neural interface headset during meeting,troubleshooting robotic collaboration
post-ai-work,Group testing AI ethics scenarios in VR simulation,interfacing with holographic displays
post-ai-work,Group testing AI ethics scenarios in VR simulation,adjusting neural link calibration
post-ai-work,Group testing AI ethics scenarios in VR simulation,debugging AI behavior algorithms
post-ai-work,Group testing AI ethics scenarios in VR simulation,negotiating with synthetic personas
post-ai-work,Group testing AI ethics scenarios in VR simulation,troubleshooting robotic collaboration
post-ai-work,Employees onboarding digital twin coworkers,interfacing with holographic displays
post-ai-work,Employees onboarding digital twin coworkers,adjusting neural link calibration
post-ai-work,Employees onboarding digital twin coworkers,debugging AI behavior algorithms
post-ai-work,Employees onboarding digital twin coworkers,negotiating with synthetic personas
post-ai-work,Employees onboarding digital twin coworkers,troubleshooting robotic collaboration
synthetic-reality,Person customizing their metaverse avatar appearance,sculpting facial features in VR editor
synthetic-reality,Person customizing their metaverse avatar appearance,layering synthetic personality traits
synthetic-reality,Person customizing their metaverse avatar appearance,verifying identity through retinal NFT
synthetic-reality,Person customizing their metaverse avatar appearance,communicating through holographic projection
synthetic-reality,Person customizing their metaverse avatar appearance,uploading neural memory patterns
synthetic-reality,Designer creating virtual fashion for digital identities,sculpting facial features in VR editor
synthetic-reality,Designer creating virtual fashion for digital identities,layering synthetic personality traits
synthetic-reality,Designer creating virtual fashion for digital identities,verifying identity through retinal NFT
synthetic-reality,Designer creating virtual fashion for digital identities,communicating through holographic projection
synthetic-reality,Designer creating virtual fashion for digital identities,uploading neural memory patterns
synthetic-reality,Individual undergoing deepfake authentication scan,sculpting facial features in VR editor
synthetic-reality,Individual undergoing deepfake authentication scan,layering synthetic personality traits
synthetic-reality,Individual undergoing deepfake authentication scan,verifying identity through retinal NFT
synthetic-reality,Individual undergoing deepfake authentication scan,communicating through holographic projection
synthetic-reality,Individual undergoing deepfake authentication scan,uploading neural memory patterns
synthetic-reality,Family interacting with holographic deceased relative,sculpting facial features in VR editor
synthetic-reality,Family interacting with holographic deceased relative,layering synthetic personality traits
synthetic-reality,Family interacting with holographic deceased relative,verifying identity through retinal NFT
synthetic-reality,Family interacting with holographic deceased relative,communicating through holographic projection
synthetic-reality,Family interacting with holographic deceased relative,uploading neural memory patterns
synthetic-reality,User transferring consciousness to digital twin,sculpting facial features in VR editor
synthetic-reality,User transferring consciousness to digital twin,layering synthetic personality traits
synthetic-reality,User transferring consciousness to digital twin,verifying identity through retinal NFT
synthetic-reality,User transferring consciousness to digital twin,communicating through holographic projection
synthetic-reality,User transferring consciousness to digital twin,uploading neural memory patterns
eco-dystopia,Farmers operating drone swarms for crop pollination,programming automated pollination routes
eco-dystopia,Farmers operating drone swarms for crop pollination,gene-editing plant specimens
eco-dystopia,Farmers operating drone swarms for crop pollination,testing air quality with handheld sensors
eco-dystopia,Farmers operating drone swarms for crop pollination,welding pressure-resistant hull sections
eco-dystopia,Farmers operating drone swarms for crop pollination,installing solar panels on sand dunes
eco-dystopia,Scientists cultivating biotech food in vertical tower,programming automated pollination routes
eco-dystopia,Scientists cultivating biotech food in vertical tower,gene-editing plant specimens
eco-dystopia,Scientists cultivating biotech food in vertical tower,testing air quality with handheld sensors
eco-dystopia,Scientists cultivating biotech food in vertical tower,welding pressure-resistant hull sections
eco-dystopia,Scientists cultivating biotech food in vertical tower,installing solar panels on sand dunes
eco-dystopia,Citizens wearing advanced smog filtration masks,programming automated pollination routes
eco-dystopia,Citizens wearing advanced smog filtration masks,gene-editing plant specimens
eco-dystopia,Citizens wearing advanced smog filtration masks,testing air quality with handheld sensors
eco-dystopia,Citizens wearing advanced smog filtration masks,welding pressure-resistant hull sections
eco-dystopia,Citizens wearing advanced smog filtration masks,installing solar panels on sand dunes
eco-dystopia,Engineers building underwater habitat modules,programming automated pollination routes
eco-dystopia,Engineers building underwater habitat modules,gene-editing plant specimens
eco-dystopia,Engineers building underwater habitat modules,testing air quality with handheld sensors
eco-dystopia,Engineers building underwater habitat modules,welding pressure-resistant hull sections
eco-dystopia,Engineers building underwater habitat modules,installing solar panels on sand dunes
eco-dystopia,Refugees adapting to desert megacity conditions,programming automated pollination routes
eco-dystopia,Refugees adapting to desert megacity conditions,gene-editing plant specimens
eco-dystopia,Refugees adapting to desert megacity conditions,testing air quality with handheld sensors
eco-dystopia,Refugees adapting to desert megacity conditions,welding pressure-resistant hull sections
eco-dystopia,Refugees adapting to desert megacity conditions,installing solar panels on sand dunes
aging-tech,Elderly person learning to use exoskeleton mobility aid,calibrating powered limb support
aging-tech,Elderly person learning to use exoskeleton mobility aid,navigating virtual memory reconstruction
aging-tech,Elderly person learning to use exoskeleton mobility aid,socializing through avatar embodiment
aging-tech,Elderly person learning to use exoskeleton mobility aid,configuring medication dispensing routines
aging-tech,Elderly person learning to use exoskeleton mobility aid,verifying cryptocurrency retirement funds
aging-tech,Senior undergoing VR therapy for dementia treatment,calibrating powered limb support
aging-tech,Senior undergoing VR therapy for dementia treatment,navigating virtual memory reconstruction
aging-tech,Senior undergoing VR therapy for dementia treatment,socializing through avatar embodiment
aging-tech,Senior undergoing VR therapy for dementia treatment,configuring medication dispensing routines
aging-tech,Senior undergoing VR therapy for dementia treatment,verifying cryptocurrency retirement funds
aging-tech,Retirement community residents in metaverse gathering,calibrating powered limb support
aging-tech,Retirement community residents in metaverse gathering,navigating virtual memory reconstruction
aging-tech,Retirement community residents in metaverse gathering,socializing through avatar embodiment
aging-tech,Retirement community residents in metaverse gathering,configuring medication dispensing routines
aging-tech,Retirement community residents in metaverse gathering,verifying cryptocurrency retirement funds
aging-tech,Nurse programming care robot for geriatric patient,calibrating powered limb support
aging-tech,Nurse programming care robot for geriatric patient,navigating virtual memory reconstruction
aging-tech,Nurse programming care robot for geriatric patient,socializing through avatar embodiment
aging-tech,Nurse programming care robot for geriatric patient,configuring medication dispensing routines
aging-tech,Nurse programming care robot for geriatric patient,verifying cryptocurrency retirement funds
aging-tech,Older adult navigating blockchain pension interface,calibrating powered limb support
aging-tech,Older adult navigating blockchain pension interface,navigating virtual memory reconstruction
aging-tech,Older adult navigating blockchain pension interface,socializing through avatar embodiment
aging-tech,Older adult navigating blockchain pension interface,configuring medication dispensing routines
aging-tech,Older adult navigating blockchain pension interface,verifying cryptocurrency retirement funds
cyber-human,Patient receiving brain-computer interface implant,drilling neural port socket
cyber-human,Patient receiving brain-computer interface implant,selecting titanium plating finish
cyber-human,Patient receiving brain-computer interface implant,protesting at transhumanism rally
cyber-human,Patient receiving brain-computer interface implant,signing digital immortality consent forms
cyber-human,Patient receiving brain-computer interface implant,suturing bio-synthetic tissue interface
cyber-human,Amputee customizing bionic limb aesthetics,drilling neural port socket
cyber-human,Amputee customizing bionic limb aesthetics,selecting titanium plating finish
cyber-human,Amputee customizing bionic limb aesthetics,protesting at transhumanism rally
cyber-human,Amputee customizing bionic limb aesthetics,signing digital immortality consent forms
cyber-human,Amputee customizing bionic limb aesthetics,suturing bio-synthetic tissue interface
cyber-human,Activist advocating for cyborg civil rights,drilling neural port socket
cyber-human,Activist advocating for cyborg civil rights,selecting titanium plating finish
cyber-human,Activist advocating for cyborg civil rights,protesting at transhumanism rally
cyber-human,Activist advocating for cyborg civil rights,signing digital immortality consent forms
cyber-human,Activist advocating for cyborg civil rights,suturing bio-synthetic tissue interface
cyber-human,Individual preparing for consciousness upload procedure,drilling neural port socket
cyber-human,Individual preparing for consciousness upload procedure,selecting titanium plating finish
cyber-human,Individual preparing for consciousness upload procedure,protesting at transhumanism rally
cyber-human,Individual preparing for consciousness upload procedure,signing digital immortality consent forms
cyber-human,Individual preparing for consciousness upload procedure,suturing bio-synthetic tissue interface
cyber-human,Surgeon installing synthetic organ transplant,drilling neural port socket
cyber-human,Surgeon installing synthetic organ transplant,selecting titanium plating finish
cyber-human,Surgeon installing synthetic organ transplant,protesting at transhumanism rally
cyber-human,Surgeon installing synthetic organ transplant,signing digital immortality consent forms
cyber-human,Surgeon installing synthetic organ transplant,suturing bio-synthetic tissue interface
experimental,Frustrated engineer troubleshooting quantum computer,recalibrating unstable qubits
experimental,Frustrated engineer troubleshooting quantum computer,discussing NFT buyer remorse
experimental,Frustrated engineer troubleshooting quantum computer,analyzing complex tokenomics charts
experimental,Frustrated engineer troubleshooting quantum computer,removing VR headset reluctantly
experimental,Frustrated engineer troubleshooting quantum computer,destroying smartphone ceremonially
experimental,Therapist counseling crypto investor through grief,recalibrating unstable qubits
experimental,Therapist counseling crypto investor through grief,discussing NFT buyer remorse
experimental,Therapist counseling crypto investor through grief,analyzing complex tokenomics charts
experimental,Therapist counseling crypto investor through grief,removing VR headset reluctantly
experimental,Therapist counseling crypto investor through grief,destroying smartphone ceremonially
experimental,DAO member confused during governance vote,recalibrating unstable qubits
experimental,DAO member confused during governance vote,discussing NFT buyer remorse
experimental,DAO member confused during governance vote,analyzing complex tokenomics charts
experimental,DAO member confused during governance vote,removing VR headset reluctantly
experimental,DAO member confused during governance vote,destroying smartphone ceremonially
experimental,Person attending metaverse addiction rehab session,recalibrating unstable qubits
experimental,Person attending metaverse addiction rehab session,discussing NFT buyer remorse
experimental,Person attending metaverse addiction rehab session,analyzing complex tokenomics charts
experimental,Person attending metaverse addiction rehab session,removing VR headset reluctantly
experimental,Person attending metaverse addiction rehab session,destroying smartphone ceremonially
experimental,Individual undergoing digital detox bootcamp,recalibrating unstable qubits
experimental,Individual undergoing digital detox bootcamp,discussing NFT buyer remorse
experimental,Individual undergoing digital detox bootcamp,analyzing complex tokenomics charts
experimental,Individual undergoing digital detox bootcamp,removing VR headset reluctantly
experimental,Individual undergoing digital detox bootcamp,destroying smartphone ceremonially
